,0
32823,-1
16298,-1
28505,-1
6689,-1
26893,-1
36572,-1
12335,-1
29591,-1
18948,-1
31067,1
22241,-1
13787,-1
5128,-1
9125,-1
35041,-1
3510,-1
16441,-1
19463,-1
26283,-1
36216,-1
17407,-1
10919,-1
30866,-1
34436,-1
12701,-1
35676,-1
34089,-1
21261,-1
26173,-1
28283,-1
37266,-1
32506,-1
33381,1
39380,1
20845,-1
252,-1
35119,-1
3434,1
1278,-1
8285,-1
15215,-1
2624,1
3698,-1
6039,-1
4095,-1
39574,-1
14775,-1
39974,-1
14518,-1
314,-1
5787,-1
10859,-1
20809,-1
22987,-1
27031,-1
14998,-1
38588,-1
33052,-1
27996,-1
28904,-1
28177,-1
32862,-1
35302,-1
31370,-1
22667,-1
24533,-1
1566,-1
12296,-1
34134,-1
16810,-1
14470,-1
27084,-1
21047,-1
36979,1
32734,-1
32798,-1
22898,-1
4859,1
8648,-1
38406,-1
38975,-1
3719,-1
15280,-1
13125,-1
24168,-1
31578,-1
15146,-1
31543,-1
25649,-1
37863,-1
29169,1
14075,-1
20451,-1
9536,-1
10642,-1
30745,-1
4750,-1
36513,-1
24787,-1
7306,-1
13143,-1
27415,-1
25484,1
1484,-1
35900,-1
13253,-1
8891,-1
23163,-1
8895,-1
26782,1
34569,-1
816,-1
6401,-1
1464,-1
27809,-1
37677,-1
6275,-1
28737,-1
2507,-1
21746,-1
34165,-1
11897,-1
4178,-1
28722,-1
21802,-1
23587,-1
625,-1
19903,-1
23138,-1
26907,-1
14857,-1
31835,-1
16367,-1
3705,-1
6224,-1
20856,-1
35489,-1
4273,-1
16293,-1
39520,-1
6892,-1
28785,-1
12619,-1
18636,-1
9801,-1
9836,-1
17162,-1
15395,-1
734,-1
36023,-1
20962,-1
32044,-1
34194,-1
32370,-1
33013,-1
19822,-1
18529,-1
8153,-1
4741,-1
34382,-1
38990,-1
11854,-1
8476,-1
30441,-1
38327,-1
6596,-1
22991,-1
14803,-1
5373,-1
25796,-1
38261,-1
34487,-1
36135,1
7481,-1
15199,-1
30361,-1
6521,-1
15468,-1
19591,-1
32377,-1
28680,-1
25456,-1
35770,-1
23096,1
20818,-1
10080,-1
21151,-1
23659,-1
33372,-1
25949,-1
18068,-1
38064,-1
23738,-1
21789,-1
27296,-1
17047,-1
36949,-1
5525,-1
35929,-1
23530,-1
9207,-1
19174,-1
17176,-1
32704,-1
13596,-1
21671,-1
9312,-1
31863,-1
953,-1
15686,-1
465,-1
19649,-1
20297,-1
32489,1
21443,-1
34428,-1
30291,-1
39029,-1
36574,-1
23732,-1
24823,-1
10026,-1
13962,-1
4056,-1
30044,1
28501,1
19237,-1
35521,-1
11212,-1
28232,-1
35914,-1
25661,-1
38732,-1
3108,-1
29644,-1
11198,-1
34600,-1
6550,-1
20004,-1
3438,-1
7431,-1
32585,-1
23981,1
33117,-1
19662,-1
29713,-1
14121,-1
5683,-1
6216,-1
9701,-1
7369,-1
14867,-1
1487,-1
27647,-1
23971,-1
38027,-1
24750,-1
28672,-1
31861,-1
23087,-1
21287,-1
32681,-1
38553,-1
6072,-1
36916,-1
14913,-1
7414,-1
4867,-1
9590,1
8191,-1
28438,-1
25753,-1
27640,-1
8986,-1
17306,-1
20944,-1
4280,-1
7852,-1
18314,-1
30231,-1
4217,-1
1392,-1
2915,-1
26192,-1
27625,-1
6946,-1
7656,1
17990,-1
9535,-1
14712,1
12235,-1
38599,-1
25295,-1
8054,1
15953,-1
27059,-1
34568,-1
30690,-1
25545,-1
11641,-1
30888,-1
38610,-1
27150,-1
28342,-1
16794,-1
5183,-1
2494,-1
31545,-1
8248,-1
6839,1
30997,-1
27030,-1
109,-1
30588,-1
15259,-1
36153,-1
22428,-1
15497,-1
39191,-1
25404,-1
12933,-1
32609,-1
26726,-1
36532,-1
9595,1
23166,1
13019,-1
5478,-1
22761,-1
5882,-1
34398,-1
17967,-1
14668,-1
1402,-1
29008,-1
16315,-1
9289,-1
16900,1
10226,-1
18628,-1
29898,-1
31657,-1
25196,-1
32148,1
18992,-1
39238,-1
14146,-1
1670,-1
33645,-1
18304,-1
39586,-1
31458,-1
36494,1
35228,-1
34617,-1
24219,1
30769,-1
18611,-1
20395,-1
21900,-1
5040,-1
3876,-1
8317,-1
20046,-1
1911,-1
19151,-1
16675,-1
37363,-1
15214,-1
3219,-1
9192,-1
20728,-1
30821,1
11081,-1
27003,-1
5501,-1
32523,-1
39925,-1
35083,-1
35550,-1
38908,-1
1536,-1
25524,-1
30532,-1
35967,-1
21193,-1
19244,-1
18734,1
3074,-1
17520,-1
36669,-1
23182,-1
18808,-1
14832,-1
2741,-1
18720,-1
16942,-1
8829,-1
5100,-1
13925,-1
20937,-1
18963,-1
10741,-1
10428,-1
11965,-1
36824,-1
26540,-1
8739,-1
2182,-1
33976,-1
24428,-1
23670,-1
4630,-1
3461,-1
30884,-1
27205,1
12623,-1
16144,-1
2158,-1
24572,-1
21641,-1
23875,-1
33327,-1
18926,1
36578,-1
31266,-1
25511,-1
4672,-1
6972,-1
4265,-1
30059,-1
26618,-1
12435,-1
15117,-1
21124,1
15518,-1
18310,-1
31487,-1
6181,-1
19034,-1
23441,-1
15499,-1
7560,1
6742,-1
32484,-1
34244,-1
9016,-1
15607,-1
13835,1
34735,-1
30490,-1
22160,-1
35784,-1
31092,-1
2308,-1
34677,1
33250,-1
21535,-1
26644,-1
5426,-1
9841,-1
32964,-1
30647,-1
7721,-1
6188,-1
25086,-1
11127,-1
4785,-1
1796,-1
6620,-1
33770,-1
32899,-1
39704,-1
15341,-1
39507,-1
2541,-1
39992,-1
15002,-1
33202,-1
34429,-1
12923,-1
12029,1
3899,-1
28335,-1
19771,-1
5034,-1
10628,-1
28383,-1
11082,-1
10007,-1
967,-1
30717,-1
34829,-1
8713,-1
27536,-1
15361,1
1557,-1
23967,-1
2644,-1
5654,-1
30061,-1
17258,-1
9392,-1
38571,1
26333,-1
18923,-1
3792,-1
32560,1
11470,-1
38148,-1
18233,1
20377,-1
15017,-1
17315,-1
17484,-1
14584,-1
6434,-1
28349,-1
31018,-1
21239,-1
23589,-1
5421,-1
18629,-1
38989,-1
9103,-1
13204,-1
4518,-1
32820,-1
15576,-1
15069,-1
9512,-1
4146,-1
27817,-1
25529,-1
29509,-1
30592,1
36726,-1
20042,1
19518,-1
7646,-1
35233,-1
26291,-1
35994,-1
37388,-1
36080,-1
15550,-1
8321,-1
39875,-1
2116,-1
17714,-1
18012,-1
7070,-1
12955,1
20041,-1
13022,1
7449,-1
22454,-1
33837,-1
4325,1
17460,-1
10865,-1
14597,-1
10393,-1
16072,-1
23400,-1
13815,-1
31608,-1
608,-1
3946,-1
11857,-1
34781,1
9672,-1
1647,-1
5707,-1
13594,-1
21532,-1
5941,1
15553,-1
31033,-1
9451,-1
14348,-1
29693,1
2133,-1
10644,-1
10030,-1
4152,-1
12522,-1
11489,-1
30349,-1
28213,-1
9205,-1
2875,-1
14170,-1
29842,1
4775,-1
198,-1
28131,-1
24201,-1
22853,-1
34906,-1
24935,-1
23566,-1
13924,-1
3564,-1
27349,-1
17496,1
26444,-1
32434,-1
33634,-1
19931,-1
21712,1
6926,-1
34127,-1
32211,-1
17516,-1
15406,-1
18918,-1
13552,-1
20352,-1
11893,1
36710,-1
24436,-1
9694,-1
16181,-1
36934,-1
11551,-1
17609,-1
26692,-1
29085,-1
35877,-1
26648,-1
29028,-1
1453,-1
18486,-1
19321,-1
28700,-1
39041,1
3265,-1
10508,-1
20497,-1
5775,-1
32374,-1
10424,-1
31887,-1
15267,-1
1866,-1
20120,-1
32491,-1
7870,-1
12119,-1
32005,-1
8913,-1
12309,1
39048,-1
12690,-1
20018,-1
3001,-1
36911,-1
30204,-1
16631,-1
19331,-1
21643,-1
28078,-1
5815,-1
37060,-1
262,-1
8442,-1
23943,-1
15914,-1
22456,-1
39499,-1
3875,-1
13039,-1
23686,-1
33253,-1
34730,-1
24607,-1
17518,-1
13674,-1
24591,-1
14264,-1
13969,-1
20166,-1
18719,-1
9298,-1
28959,-1
11636,-1
28303,-1
32333,-1
28907,-1
37262,-1
3077,-1
23014,1
28968,-1
7605,-1
24745,-1
38546,-1
31058,-1
6515,-1
34488,-1
30630,1
729,-1
34997,-1
6898,-1
13634,-1
26949,-1
36349,-1
19119,-1
24601,-1
36964,-1
36688,-1
13611,-1
37048,-1
22521,-1
20163,-1
21964,1
6735,-1
10453,-1
9464,-1
11501,-1
12492,-1
36215,-1
16634,-1
18203,-1
11124,-1
30641,-1
20222,-1
37995,-1
624,-1
38640,-1
1784,-1
30032,-1
34903,-1
36213,-1
16041,-1
740,1
14563,-1
6253,-1
24043,-1
8435,-1
22955,-1
5134,1
14181,-1
36901,-1
33088,-1
25987,-1
1697,-1
37634,-1
31892,-1
7679,-1
6821,-1
31520,-1
37041,-1
17301,-1
2825,-1
27613,-1
22014,-1
26187,-1
29263,-1
20060,-1
8960,1
36554,1
8541,-1
37965,-1
13504,-1
14655,1
14300,-1
28860,1
26057,-1
10388,-1
20835,-1
32736,-1
18026,-1
3318,-1
9003,-1
12783,-1
9097,-1
17747,-1
38394,-1
9758,-1
8795,-1
12013,-1
6778,-1
10405,-1
21275,-1
20934,-1
32458,-1
4528,-1
27143,-1
6231,-1
39156,-1
18160,-1
28553,-1
12261,-1
21255,-1
20574,-1
21154,-1
14558,-1
16768,-1
8099,-1
3016,-1
18843,-1
27901,1
1736,-1
18206,-1
28755,-1
14023,-1
37876,-1
13488,-1
29679,-1
40,-1
19334,-1
22609,-1
26760,-1
20524,-1
6053,-1
655,-1
27459,-1
323,-1
16534,-1
34571,-1
34238,-1
13655,-1
4968,-1
39305,-1
17704,-1
5754,-1
23681,-1
38632,-1
30753,1
36063,-1
22909,-1
962,-1
17999,-1
34212,-1
2757,-1
8249,-1
24411,-1
20988,-1
17935,-1
26259,-1
16176,-1
21220,-1
7094,-1
857,-1
34646,-1
38744,-1
26004,-1
23615,-1
12212,-1
20078,-1
20459,-1
9712,-1
39591,-1
27762,-1
4918,-1
2992,-1
34417,-1
35051,-1
12573,1
1930,-1
6420,1
7251,-1
7779,-1
28808,-1
16751,-1
19918,1
2296,-1
21525,1
27383,-1
1457,-1
12387,-1
13177,-1
7638,-1
15633,-1
3281,-1
18264,-1
14565,-1
27064,-1
29164,-1
17817,-1
32593,-1
37785,-1
28348,-1
12903,-1
16711,-1
37798,-1
26353,-1
1682,-1
9288,-1
32772,-1
39447,-1
25002,-1
23058,-1
22602,-1
39139,-1
7096,-1
18955,-1
24672,-1
35332,1
6013,-1
37860,-1
26791,-1
39813,-1
33903,-1
39937,-1
12179,1
9370,-1
32756,-1
18597,-1
39062,-1
9681,-1
33001,-1
10876,-1
17034,-1
11852,-1
36417,-1
29637,-1
6326,-1
4564,1
25900,-1
550,-1
3930,-1
22186,-1
21016,1
33553,-1
22871,-1
9532,-1
24367,-1
20110,-1
31742,1
1033,-1
38966,-1
30283,1
70,-1
39796,-1
12507,-1
25366,-1
13958,-1
3177,-1
21579,-1
853,-1
6346,-1
29625,-1
6394,-1
2730,-1
39249,-1
25486,-1
29242,-1
7827,-1
8899,-1
9480,-1
28346,1
24150,-1
24620,-1
4285,-1
7298,-1
12421,-1
24190,-1
28560,-1
36094,-1
29938,-1
33017,-1
25863,-1
35815,-1
9211,-1
128,-1
36815,-1
34082,-1
38313,-1
15986,-1
18345,-1
18838,-1
2299,-1
8368,-1
35844,-1
22879,-1
4400,-1
19245,-1
3843,1
9747,1
31869,1
37814,-1
11658,-1
26135,-1
24100,1
3269,-1
28642,1
37686,-1
11567,-1
1687,-1
14303,-1
6432,-1
23025,-1
38260,-1
8897,-1
8957,-1
19003,-1
26394,-1
14545,-1
34918,-1
15959,-1
6759,-1
19490,-1
20820,-1
1673,-1
8082,-1
17846,-1
22078,-1
14948,-1
5010,-1
37070,-1
30072,1
6314,-1
17538,1
31614,-1
11607,-1
1467,-1
1895,-1
37468,-1
8857,-1
10592,-1
26591,-1
23045,-1
17588,-1
32403,-1
2851,-1
28407,-1
30271,-1
27889,-1
23119,-1
25099,-1
35341,-1
14064,-1
16606,1
20693,-1
6648,-1
5352,-1
19048,-1
14806,1
29618,-1
16423,1
2830,-1
35357,-1
27639,-1
10470,-1
33140,-1
37367,1
38547,-1
33027,-1
28410,-1
38217,-1
15826,-1
29609,-1
10378,-1
23358,-1
16386,-1
33824,-1
23305,1
38636,-1
28344,-1
4168,-1
12983,-1
2907,-1
22132,-1
39578,-1
18363,-1
2276,-1
12745,-1
39508,-1
37196,-1
21697,-1
28136,-1
25725,1
15469,-1
3818,-1
10969,-1
1331,-1
23224,-1
26818,-1
36456,-1
33225,-1
3979,-1
35308,-1
30331,-1
15871,-1
31229,-1
30688,-1
6328,-1
19916,-1
34451,-1
34575,1
28882,-1
14229,-1
24616,-1
2622,1
15601,-1
1503,-1
17672,-1
943,-1
30168,1
30084,-1
8489,-1
14458,-1
13053,-1
26269,-1
31500,-1
27146,-1
4203,-1
32305,-1
27316,-1
24799,-1
20650,-1
926,-1
27054,-1
37068,-1
3000,-1
21759,-1
31985,-1
27585,-1
8013,-1
9240,-1
23420,-1
26042,-1
8564,-1
33490,1
34504,-1
27697,-1
17678,-1
39619,-1
17561,-1
1731,-1
936,1
11487,-1
38307,-1
37347,1
29288,-1
30195,-1
32552,-1
20318,-1
39050,-1
10186,-1
38055,-1
20406,-1
39822,1
6646,1
1451,-1
21434,-1
23192,-1
9235,-1
21887,-1
31919,-1
8042,1
9282,-1
22526,-1
39150,-1
22389,-1
13075,1
22196,-1
6600,-1
3840,-1
34889,-1
2635,-1
17222,-1
27979,-1
30148,-1
23975,-1
28630,-1
3104,-1
29067,-1
37395,1
18087,-1
32647,-1
8610,-1
36725,-1
1483,1
27047,-1
26930,-1
10721,-1
36431,-1
2445,-1
6014,1
8277,-1
19293,-1
4563,-1
311,-1
31786,-1
14526,1
30674,-1
24402,1
11570,-1
32790,-1
1291,-1
28010,-1
38701,-1
3168,-1
32281,-1
9444,1
21455,-1
22379,-1
10562,-1
5225,-1
25893,-1
18751,-1
3214,-1
4156,-1
9632,1
38832,-1
19002,-1
33809,-1
19315,-1
18644,-1
5199,-1
15771,-1
3425,-1
39046,-1
34014,-1
38711,-1
36499,-1
23955,-1
36826,-1
17048,-1
29049,-1
5936,-1
6708,1
1398,-1
38831,-1
17079,-1
28776,-1
31764,-1
31805,-1
19458,-1
25158,-1
5035,-1
17078,-1
18662,-1
29884,-1
26516,-1
35892,-1
9164,-1
37155,-1
24020,1
17160,1
32338,-1
20050,-1
31649,-1
24482,1
2856,-1
37222,-1
27203,-1
39016,-1
28705,-1
19524,-1
26278,-1
13976,-1
8413,-1
26520,-1
35539,-1
22181,-1
2885,-1
11477,1
30010,-1
30410,-1
33844,-1
13167,-1
19025,-1
13370,-1
38882,-1
469,-1
39785,-1
26273,-1
35663,-1
12050,-1
33738,-1
13185,-1
21496,-1
34304,1
10880,-1
17542,-1
37406,-1
21114,-1
7264,-1
144,-1
5148,-1
38537,-1
14117,-1
21813,-1
32142,1
22324,-1
8879,-1
22799,-1
36984,-1
20450,-1
15609,1
22385,-1
28998,-1
31691,-1
1992,-1
7337,-1
14844,-1
38650,-1
17348,-1
32676,-1
39332,-1
14625,-1
5215,-1
17987,-1
1034,-1
22236,-1
23534,-1
4650,-1
5071,-1
26114,-1
36445,-1
10873,-1
896,-1
38279,-1
24017,-1
879,-1
18585,-1
10888,-1
28944,-1
35438,-1
39550,-1
29989,1
36162,-1
23552,-1
6832,-1
31984,-1
39524,-1
8845,-1
29226,-1
7364,-1
27744,-1
8735,-1
34101,-1
22724,-1
32809,-1
9398,-1
19833,-1
33145,-1
5954,-1
11191,-1
14777,-1
470,-1
10536,-1
27707,-1
3277,-1
37317,-1
4068,-1
24927,-1
33868,1
39949,-1
2055,-1
10059,-1
16188,-1
5020,-1
16657,-1
13,-1
19145,-1
8821,-1
28159,-1
23628,-1
12107,-1
1319,-1
10881,1
31381,-1
25299,-1
30165,-1
21549,-1
34550,-1
18131,-1
26207,-1
14160,-1
16875,-1
25424,-1
16594,-1
8976,-1
33679,-1
22944,1
21437,-1
11958,-1
8085,-1
1791,-1
13950,-1
14084,-1
19892,-1
10552,-1
12299,1
39451,-1
1043,-1
19386,-1
1213,-1
4047,-1
499,-1
2331,-1
34478,-1
15353,-1
7528,-1
7133,-1
19663,-1
11187,-1
25775,-1
38972,-1
13732,-1
31799,-1
7947,-1
16826,-1
15484,-1
22095,-1
32029,1
30318,-1
31867,-1
27291,-1
29380,-1
37411,-1
2000,-1
24167,-1
31849,-1
15809,-1
22822,-1
4387,-1
32027,-1
20453,-1
39496,-1
9266,-1
532,-1
3102,-1
19616,-1
37723,-1
29310,-1
22827,-1
14505,-1
11225,1
18737,-1
631,1
8288,-1
26112,-1
24361,-1
39423,-1
16305,-1
6161,-1
21491,-1
29574,-1
15351,-1
21098,-1
24186,-1
1962,-1
11270,-1
28636,-1
33113,-1
8687,-1
27879,-1
1786,-1
33359,-1
28300,-1
20876,-1
26836,1
19193,-1
12900,-1
26434,1
33922,-1
14759,-1
8586,-1
10669,1
29611,-1
10560,-1
12408,-1
6803,-1
35524,1
37050,-1
34554,-1
12488,-1
21614,-1
4943,-1
32487,-1
25699,-1
24978,-1
13505,-1
12724,-1
1077,-1
17979,-1
1174,-1
1808,1
36557,-1
15393,-1
30196,-1
1323,-1
29501,-1
25016,-1
22147,-1
13658,-1
16104,-1
596,-1
1395,-1
7908,-1
31690,-1
14646,-1
1072,-1
21284,-1
9060,-1
30012,-1
36496,-1
30924,1
22893,-1
1478,-1
20216,-1
3785,-1
18649,-1
10311,-1
11015,-1
25379,-1
14149,-1
14384,-1
15475,-1
471,-1
21893,-1
16953,-1
20984,-1
2362,-1
30934,-1
33429,-1
30404,-1
25134,-1
2265,-1
21805,-1
9588,-1
27849,-1
23159,-1
19009,-1
23657,-1
9619,-1
21585,-1
2982,-1
26083,-1
25406,-1
21541,-1
14875,-1
19543,-1
8677,1
19214,-1
30325,-1
29779,-1
21666,-1
18005,-1
5712,-1
14764,-1
35991,-1
24631,-1
29660,-1
28507,-1
2231,1
4569,-1
7277,-1
39464,-1
19854,-1
28255,-1
26755,-1
1993,-1
8871,-1
3105,-1
23740,-1
21892,-1
7028,-1
27400,-1
428,-1
15951,-1
22162,-1
2240,-1
26908,-1
17827,-1
96,-1
37826,1
35588,1
23461,-1
17024,-1
35430,-1
12759,-1
2020,-1
18481,-1
23469,-1
29177,-1
24388,-1
22810,-1
14843,-1
30248,-1
25959,-1
15420,-1
27120,-1
28781,-1
2868,-1
18985,1
15637,-1
217,-1
3548,-1
1162,-1
15392,-1
11547,-1
36293,-1
28388,-1
9170,-1
13681,-1
25436,-1
2505,-1
8858,1
18707,-1
16739,-1
38190,1
1413,-1
12469,-1
10849,-1
31221,-1
24261,-1
24483,-1
5304,-1
34232,-1
34041,-1
10397,-1
15102,-1
16166,-1
38837,-1
31494,-1
36092,-1
19150,-1
1640,-1
12630,-1
11868,-1
8612,-1
5881,-1
28056,-1
447,-1
33410,-1
15594,-1
30201,-1
4289,-1
22430,-1
13097,-1
30737,-1
35156,-1
14320,-1
27986,-1
12830,-1
1900,1
36217,1
29128,-1
18373,-1
18393,-1
3431,-1
35383,-1
17008,-1
8106,-1
12613,-1
4520,-1
1829,-1
39558,-1
686,-1
19341,-1
18111,-1
26778,-1
9661,-1
3935,-1
34640,-1
8755,-1
11105,-1
35159,-1
37394,-1
37122,-1
16098,-1
12528,-1
18112,-1
19111,-1
38863,-1
38663,-1
29839,-1
31664,-1
1562,-1
584,-1
14156,-1
2528,-1
11450,-1
23547,-1
18398,-1
34770,-1
7122,-1
23294,1
12972,-1
12883,-1
1681,-1
24284,-1
6899,-1
16345,-1
22665,-1
32058,1
19392,-1
22071,1
14275,-1
28433,-1
7571,-1
8970,-1
26504,-1
39131,1
12628,-1
20404,1
14615,1
13659,-1
18853,-1
26073,-1
22790,-1
22817,-1
22749,-1
18010,-1
23200,-1
19719,-1
31462,-1
26465,1
724,-1
25094,-1
23477,-1
26089,-1
37282,-1
15452,-1
37856,-1
18085,-1
5343,1
25330,-1
15606,-1
20351,-1
8765,-1
9237,-1
36082,-1
20838,-1
16268,-1
13852,-1
14822,-1
34358,-1
18697,-1
29563,-1
11257,-1
13952,-1
28069,-1
31739,-1
26875,-1
20021,-1
18462,-1
10183,-1
31167,-1
35155,-1
6427,-1
39231,-1
37425,-1
33148,-1
10742,-1
19291,-1
26858,-1
36450,-1
20636,-1
26077,-1
25756,-1
7568,1
12887,-1
28780,-1
17775,-1
19099,-1
32998,-1
29776,-1
33335,-1
13398,-1
1023,-1
3928,-1
10735,-1
29260,-1
37809,-1
26285,-1
22812,-1
4771,-1
16408,-1
2585,-1
26895,-1
33749,-1
34938,-1
13766,-1
6267,-1
11234,-1
7303,-1
38747,-1
18172,-1
10801,-1
1763,-1
12480,-1
31081,-1
36409,-1
36335,-1
30446,-1
1232,-1
33956,-1
30117,-1
18189,-1
6056,1
3933,1
21402,-1
19401,-1
39123,-1
13451,-1
2149,-1
38495,-1
15625,-1
25483,-1
7090,-1
38308,-1
28870,1
34477,-1
28580,-1
16250,-1
7964,-1
37696,-1
27842,-1
20723,-1
23012,-1
22887,1
8768,-1
1303,-1
16860,1
33021,-1
36192,-1
37385,-1
34105,-1
2608,1
16296,-1
36538,-1
22171,-1
18575,-1
12784,-1
10917,-1
16904,-1
8230,1
5726,-1
8256,-1
15532,-1
18353,-1
29488,-1
21481,-1
38525,-1
429,-1
34744,-1
23493,-1
30777,-1
15593,-1
21410,-1
20990,-1
19594,-1
21557,-1
24145,-1
25328,-1
22802,-1
25924,-1
32354,-1
38416,-1
36279,-1
26440,1
9038,-1
38023,-1
17735,-1
36117,-1
23127,-1
13202,-1
16613,-1
39026,-1
14555,-1
16410,-1
38836,-1
13360,-1
210,-1
29399,-1
5231,-1
21115,-1
25489,-1
24445,-1
8416,-1
32448,-1
39577,-1
23449,-1
27365,-1
23304,-1
25349,-1
30837,-1
26006,-1
7685,1
31687,-1
8814,-1
16255,-1
15311,-1
4202,-1
38894,-1
263,-1
12524,-1
32858,-1
273,-1
34463,-1
34021,-1
18826,-1
30486,-1
6424,-1
15137,-1
1194,-1
15363,-1
2300,-1
1426,-1
4810,-1
33149,-1
5563,-1
14540,-1
13377,-1
22070,-1
24459,-1
28329,-1
27821,-1
2111,-1
9766,-1
3161,-1
3944,-1
24839,-1
39597,-1
15331,-1
24608,-1
28662,-1
10035,-1
33245,-1
25458,-1
2744,-1
39162,-1
7822,-1
32782,1
11032,-1
19045,-1
6675,-1
24443,-1
23685,-1
18892,-1
38846,-1
35295,-1
16597,-1
37037,-1
30662,-1
14295,-1
34098,-1
15482,-1
5869,-1
15242,-1
37980,-1
1157,-1
35751,-1
22848,-1
8059,-1
32131,-1
2814,-1
36204,-1
24967,-1
13063,-1
27061,-1
17559,-1
18674,-1
34948,-1
10081,-1
30364,1
26839,-1
38634,-1
36040,-1
13954,-1
28274,-1
9381,-1
19031,-1
22645,-1
15937,1
26130,-1
12596,-1
15209,1
25239,-1
343,1
24158,-1
37503,-1
11438,-1
22188,-1
20397,-1
6670,-1
11849,-1
38386,-1
23951,-1
11990,-1
13415,-1
2325,-1
39512,-1
7268,-1
12966,-1
6988,-1
33514,-1
13713,-1
7775,-1
37192,-1
10882,-1
8020,-1
32530,-1
3615,-1
36113,-1
15241,-1
2351,-1
32102,1
4160,-1
33865,-1
25794,-1
31785,-1
10930,-1
17455,-1
17250,-1
27783,-1
8087,-1
12586,-1
4974,-1
21862,-1
8206,-1
3861,-1
505,-1
25495,-1
15884,-1
27780,-1
36400,-1
8350,-1
15931,-1
19857,-1
6324,-1
30095,-1
15711,-1
19802,-1
9263,-1
12859,-1
37161,-1
36485,-1
5946,-1
2496,-1
11591,-1
23588,1
32098,-1
9591,-1
27813,-1
38653,-1
29869,-1
22565,-1
13396,1
7112,-1
25687,-1
322,-1
14168,1
38242,-1
30312,-1
22175,-1
34416,-1
16036,-1
32709,-1
27881,-1
15124,-1
28171,-1
33479,1
29138,-1
621,-1
20640,-1
29050,-1
4740,-1
18180,-1
18266,-1
30290,-1
35597,1
21693,-1
29386,-1
3018,-1
30433,-1
18113,-1
9163,-1
38469,-1
33389,-1
509,-1
35273,1
12033,-1
34300,-1
17503,-1
31903,-1
29000,-1
39190,-1
26509,-1
37267,-1
25802,-1
23344,-1
36157,-1
33179,-1
37526,-1
32614,-1
6482,-1
7672,-1
22046,-1
38024,-1
23733,-1
16145,-1
34115,-1
29787,-1
18422,-1
20737,-1
3220,-1
25956,1
2772,1
19922,-1
748,-1
37705,-1
39413,-1
377,-1
33883,-1
24780,-1
39538,-1
34270,-1
39707,-1
30470,-1
9708,-1
26677,-1
38630,-1
24128,1
25449,1
7212,-1
35333,-1
17362,-1
20604,-1
14741,-1
18370,-1
32866,-1
27271,1
31693,-1
180,-1
1616,-1
5567,-1
18941,-1
22938,-1
20109,-1
39918,-1
11206,-1
21457,-1
21268,-1
31874,-1
21018,-1
22739,-1
31357,-1
36791,-1
8304,1
35781,-1
6186,-1
29642,-1
39173,-1
9284,-1
18735,-1
21421,-1
15897,-1
32221,-1
6146,-1
13754,-1
38700,-1
13033,-1
2531,-1
14763,-1
17324,-1
17075,-1
30066,-1
14575,-1
7237,-1
37113,-1
11121,-1
20394,-1
8993,-1
3290,-1
1346,-1
1179,1
22210,-1
39133,-1
36066,1
36255,-1
38371,-1
33545,-1
12230,-1
28160,-1
39788,-1
6246,-1
37369,-1
19243,-1
34439,-1
32569,-1
39224,-1
21594,-1
35269,-1
30657,-1
4556,-1
8040,-1
19647,-1
32705,-1
8140,-1
38159,-1
29370,-1
501,-1
8904,-1
31961,-1
2893,-1
9270,-1
12051,-1
26439,-1
36550,-1
28203,-1
33383,-1
8274,-1
34505,-1
33748,-1
14053,-1
33814,-1
19316,-1
1332,-1
4032,-1
3243,-1
10700,-1
278,-1
18045,-1
34048,-1
25994,1
4504,-1
10092,-1
374,-1
30458,-1
2087,-1
37781,-1
10901,-1
38276,-1
26011,-1
3418,-1
12249,-1
3593,1
37511,-1
38598,-1
15965,1
14872,-1
3931,-1
16587,-1
17995,-1
8570,-1
20481,-1
24825,-1
16776,-1
6936,-1
35836,-1
31623,-1
38682,-1
23399,-1
19261,1
37575,-1
10968,-1
3502,-1
21558,-1
2269,-1
20485,-1
14124,-1
3460,-1
4962,-1
14452,-1
396,-1
9172,-1
23367,-1
2322,-1
35721,-1
24200,-1
3193,-1
19837,1
19210,-1
10477,-1
31573,-1
20503,-1
11222,-1
15751,-1
28749,-1
16341,-1
17919,-1
25672,-1
11237,-1
33934,-1
32398,-1
21992,-1
17431,-1
31735,-1
33960,-1
9761,-1
36821,-1
8354,-1
21283,-1
16615,-1
38864,-1
34031,-1
29333,-1
22352,-1
12372,-1
22110,-1
30292,-1
18291,1
7616,-1
3049,-1
36617,-1
475,-1
21176,-1
23022,-1
35533,-1
34882,-1
928,-1
12484,-1
32190,-1
37872,-1
19687,-1
7886,-1
19732,-1
9559,-1
30870,-1
34339,-1
16851,-1
5780,-1
36430,-1
24180,-1
457,-1
18859,1
5233,-1
5286,-1
21895,-1
21461,-1
13299,-1
19354,-1
28431,-1
31175,-1
1219,-1
28987,-1
17720,-1
23258,-1
23994,-1
31975,-1
28601,-1
36054,-1
28317,-1
30229,1
23950,-1
2290,-1
33081,-1
31595,-1
33049,-1
34408,-1
16421,-1
4815,-1
29112,-1
12477,-1
4,-1
23923,-1
8961,-1
16841,1
1668,-1
21794,-1
35380,-1
36473,-1
26824,-1
6887,-1
30944,-1
30376,-1
39612,-1
4201,-1
5961,-1
31512,-1
8049,-1
2645,-1
33807,-1
30244,-1
1000,-1
8021,-1
14756,-1
28616,-1
772,-1
28585,-1
14917,-1
20490,-1
33988,-1
12214,-1
18670,-1
7969,-1
27548,-1
32422,-1
277,-1
18137,-1
32447,-1
25642,-1
11858,-1
29686,-1
2279,-1
1912,-1
9523,-1
7336,-1
20418,1
36591,-1
32974,-1
19704,-1
33252,-1
37319,-1
5045,-1
24056,-1
34756,-1
13468,-1
35872,-1
26428,-1
31754,-1
2980,-1
1146,-1
22252,-1
24075,-1
20214,-1
25858,-1
37862,-1
14696,-1
35354,-1
32958,-1
12950,-1
261,-1
22522,-1
14483,-1
9606,-1
29435,-1
8528,-1
8568,-1
20970,-1
17367,-1
26971,-1
7989,-1
18119,-1
5001,-1
34241,-1
26629,-1
25980,-1
1427,-1
4990,-1
39360,1
35455,-1
23082,-1
35456,-1
2464,-1
37985,-1
20755,-1
27816,-1
17953,-1
18837,-1
1801,-1
23032,-1
39272,-1
39551,-1
20416,-1
14224,-1
34940,-1
6969,-1
33128,-1
1285,-1
30778,-1
21941,-1
1901,-1
29233,-1
31850,-1
1416,-1
33443,1
23006,-1
3715,-1
7745,-1
8124,-1
7625,-1
566,-1
20305,-1
12172,-1
17466,-1
13199,-1
19242,-1
21422,-1
22121,-1
20989,-1
7462,-1
11699,-1
14085,-1
29228,-1
5223,-1
6756,-1
21459,-1
11783,-1
13082,-1
12962,-1
26890,-1
15165,-1
17213,-1
18685,1
7653,1
22719,-1
1052,1
26052,-1
17626,-1
32396,-1
31386,-1
21161,-1
29954,-1
26330,1
4029,-1
1012,-1
15714,-1
7231,-1
8889,-1
1109,-1
38631,-1
15726,-1
1107,-1
38397,-1
1133,-1
25877,-1
4824,-1
28509,-1
15170,-1
16079,-1
3230,-1
17728,-1
13793,-1
29273,1
31368,-1
9330,-1
35537,-1
25336,-1
15922,-1
24266,-1
3855,-1
26045,-1
20747,-1
9568,-1
38005,-1
1491,-1
15236,-1
10192,-1
13680,-1
21944,-1
10718,-1
10877,-1
30365,-1
25030,-1
16100,-1
32927,-1
25175,-1
7609,-1
10491,-1
4237,1
30903,-1
3643,-1
10036,-1
22846,-1
32592,1
29584,-1
2767,-1
13192,-1
28156,-1
37397,-1
29729,-1
1090,-1
20364,-1
34859,-1
32126,-1
27943,-1
13108,-1
35632,-1
31188,-1
14095,-1
1048,-1
39617,-1
31479,-1
17041,-1
13172,-1
22087,-1
34877,1
13424,-1
12156,-1
32777,-1
19855,-1
9932,-1
29330,-1
2743,-1
16125,-1
842,-1
7778,-1
21278,-1
28703,-1
35496,-1
39170,-1
11335,-1
33322,-1
10955,-1
25369,-1
35217,-1
38198,-1
20071,-1
21860,-1
33406,-1
20853,-1
573,-1
14927,1
1465,-1
884,-1
15894,-1
25133,-1
29597,-1
13544,-1
2029,-1
35759,-1
13150,-1
16866,-1
28358,-1
17083,-1
31741,-1
5536,-1
34449,-1
15125,-1
29474,-1
25986,-1
28556,-1
3835,-1
23886,-1
17698,1
11764,-1
38969,-1
15232,-1
38437,-1
39778,-1
17287,-1
31745,-1
37066,-1
19863,-1
16026,1
17931,-1
31447,-1
36414,-1
37383,-1
19828,-1
33821,-1
16178,-1
36352,-1
3356,-1
32271,-1
1108,-1
29323,-1
19412,-1
26093,-1
25151,-1
6809,-1
19470,-1
6418,1
38695,-1
13685,-1
18661,-1
31277,1
23208,-1
22688,-1
37514,-1
14280,-1
5159,-1
5757,-1
441,1
3886,-1
33560,-1
9561,1
28922,-1
7168,-1
11376,-1
491,-1
4884,-1
28055,-1
29834,-1
38134,-1
18317,-1
4689,-1
31978,-1
36443,-1
16420,-1
1339,-1
11444,-1
8439,-1
17877,-1
21521,-1
27854,-1
15656,-1
1441,1
15306,-1
11931,-1
25543,-1
11072,-1
34490,1
22417,-1
36950,-1
24164,-1
33602,-1
23789,-1
4726,1
4308,-1
31529,-1
38368,-1
38380,-1
24844,-1
34442,-1
33370,-1
23222,1
14145,-1
20552,-1
15118,-1
26701,-1
5395,-1
5382,-1
11448,-1
2232,-1
17386,-1
22355,-1
17122,-1
30566,-1
20813,-1
10812,-1
29751,1
17089,-1
29678,-1
36089,-1
32309,-1
20537,-1
26406,-1
26363,-1
29920,-1
13469,-1
6480,1
3150,-1
34893,-1
9658,-1
3095,-1
27505,-1
22037,-1
8615,1
10062,-1
861,-1
17126,-1
24012,-1
35059,1
23213,-1
35313,-1
7840,-1
23102,1
6730,-1
12348,-1
8388,1
268,1
2935,1
15211,-1
37523,-1
12918,-1
36325,-1
3115,-1
25803,-1
10949,-1
28628,-1
1553,-1
16921,-1
3737,-1
4890,-1
13702,-1
27795,1
11430,-1
10850,-1
5523,-1
8925,-1
1423,-1
27269,-1
52,-1
9918,-1
1846,-1
11797,-1
274,-1
38718,-1
30521,-1
34195,-1
5262,-1
28617,-1
16028,-1
34282,-1
20204,-1
33540,-1
5640,-1
39286,-1
32910,-1
6062,-1
22561,-1
15718,-1
26889,-1
39266,-1
5883,-1
23330,-1
15483,-1
25647,-1
5960,-1
2081,-1
36150,-1
24867,-1
7753,-1
24598,-1
37439,-1
24786,-1
11327,-1
3852,-1
30235,-1
22513,-1
5533,-1
35776,-1
33211,-1
38913,-1
39205,-1
13287,-1
30108,-1
21626,-1
23263,-1
16817,-1
19737,-1
37871,-1
20788,-1
32746,-1
13984,-1
2348,-1
32405,1
6904,-1
38587,1
13653,-1
5857,-1
29614,-1
11605,-1
8480,1
30180,-1
14898,-1
38715,-1
28587,-1
2532,1
13604,1
18128,-1
37499,-1
28416,-1
3242,1
18306,-1
1396,-1
18974,1
5466,1
28629,-1
23,-1
3028,-1
8357,-1
940,-1
20840,-1
19573,-1
28275,-1
20186,-1
4034,-1
2863,-1
26361,-1
1188,-1
36519,-1
6233,-1
8403,-1
28883,-1
5288,-1
21530,-1
39014,1
15750,-1
35556,-1
3388,-1
1788,-1
7134,-1
39542,-1
23807,-1
4729,-1
3154,-1
1623,-1
33774,1
39023,-1
13174,-1
17631,-1
22581,-1
1512,-1
17962,-1
11011,-1
21010,-1
12042,-1
29976,-1
22179,-1
30222,-1
28240,-1
14827,-1
12418,1
29502,-1
27915,-1
2826,-1
11947,-1
16349,-1
14874,1
8406,-1
5179,-1
27866,1
308,-1
8552,1
2247,-1
5377,1
8132,-1
12994,-1
8537,-1
3635,-1
28088,-1
18035,-1
32597,-1
11798,-1
37212,1
4519,-1
19090,-1
20430,-1
22329,-1
21079,-1
5847,-1
13099,-1
2138,-1
30104,-1
6650,-1
38335,-1
29652,-1
29737,-1
1570,-1
6747,-1
26501,-1
7294,-1
12832,-1
3929,-1
21656,-1
24590,-1
34147,-1
8375,-1
37309,-1
20227,-1
37970,-1
16051,-1
15590,-1
23349,-1
28186,-1
17298,-1
2273,-1
16398,-1
12085,-1
20361,-1
14183,-1
35255,-1
38334,-1
27372,1
14784,-1
8341,-1
18424,-1
2527,-1
29797,-1
35647,-1
9403,-1
5195,-1
29947,-1
19062,-1
22370,-1
39005,-1
7981,-1
30993,-1
21439,-1
8122,-1
25061,-1
7678,-1
16902,-1
2323,-1
6465,-1
27305,-1
35673,-1
35614,-1
1113,-1
7409,-1
37094,-1
9687,-1
27484,-1
18654,-1
25430,-1
33668,-1
23858,-1
3488,-1
21476,-1
1576,-1
34499,-1
32542,-1
18396,-1
1603,-1
23536,-1
21724,-1
38188,-1
585,-1
18842,-1
8647,-1
32692,-1
29653,-1
21790,-1
15421,-1
13648,-1
31527,-1
17227,-1
25587,-1
8331,-1
4199,-1
5687,-1
39892,-1
27234,-1
22643,-1
20158,-1
25272,-1
12104,-1
17911,-1
35163,1
7915,-1
25501,-1
15740,-1
35709,-1
32867,-1
14290,-1
2360,-1
31771,-1
35166,-1
38944,-1
15709,-1
5226,-1
5916,1
5018,-1
36594,-1
4738,-1
8560,-1
30389,-1
35022,-1
13561,-1
3416,-1
12821,1
30597,-1
6136,-1
480,-1
25748,-1
2135,-1
34473,-1
17050,-1
1165,-1
12990,-1
27841,-1
15071,-1
39710,-1
7411,-1
21578,-1
9287,1
6048,1
4384,-1
37312,-1
22655,-1
18938,-1
25276,-1
1819,-1
21208,-1
27308,-1
27758,-1
10500,-1
31193,-1
1807,-1
8194,1
29930,-1
10539,1
30127,-1
3568,-1
24804,-1
39396,-1
14583,-1
3885,-1
16551,-1
33356,1
34167,1
19471,-1
5011,-1
39429,-1
10676,-1
342,-1
20807,-1
7474,-1
38655,-1
5114,-1
18237,-1
7024,-1
15135,-1
30955,-1
15011,-1
25264,-1
36449,-1
5321,-1
7920,-1
32799,-1
9441,-1
21430,-1
19577,-1
39607,-1
5598,1
29040,-1
7555,-1
1590,-1
39303,-1
5874,-1
19635,1
37580,-1
24965,-1
33345,-1
4530,-1
24893,-1
7589,-1
1240,1
25922,-1
34284,-1
31977,-1
37535,-1
23068,-1
19559,-1
21601,-1
39760,-1
9281,-1
3628,-1
29870,-1
24619,-1
16269,-1
7401,-1
21963,1
11863,-1
9378,-1
35399,-1
39018,-1
33182,-1
33233,-1
30804,-1
26830,-1
24992,-1
20905,-1
4165,-1
5227,-1
16812,-1
35730,-1
2237,-1
24613,1
39117,-1
18618,-1
15614,-1
34734,-1
11625,-1
26642,-1
6528,-1
6994,-1
26615,-1
8561,-1
17914,-1
14644,-1
4639,-1
37736,-1
39418,-1
17828,1
38520,1
13095,-1
26103,-1
1253,-1
21791,-1
430,-1
13857,-1
31651,-1
14442,-1
39040,-1
37903,-1
34952,-1
24166,-1
7811,-1
24868,-1
28857,-1
38076,-1
38853,-1
75,-1
8358,-1
6753,-1
14131,1
22594,-1
4009,-1
22349,-1
12272,-1
6271,-1
11710,-1
37415,-1
10171,-1
708,-1
14833,-1
14273,1
8504,-1
35280,-1
35424,-1
4455,-1
7911,-1
9366,-1
30293,-1
35413,-1
32570,-1
17734,-1
35054,1
31859,-1
39711,-1
32881,-1
10853,-1
11841,-1
34863,-1
38852,-1
22475,-1
13573,-1
5821,-1
16847,-1
8844,-1
1412,-1
725,-1
7468,-1
31102,-1
25898,1
6978,-1
2185,-1
8239,-1
21037,-1
15854,-1
6165,-1
37528,-1
4291,-1
7557,-1
776,-1
21588,-1
24096,-1
37343,-1
1,-1
1876,-1
7119,-1
29230,-1
8613,-1
32158,-1
24283,-1
24960,-1
6633,1
36758,-1
14983,-1
26815,-1
9183,-1
37052,-1
4932,-1
61,-1
32091,-1
24984,-1
38294,1
39903,-1
35935,-1
20177,-1
39084,1
22234,-1
6682,-1
38716,-1
36438,-1
33716,-1
15998,-1
18401,-1
27245,-1
36521,1
12556,1
37631,-1
26662,-1
36903,-1
12854,-1
30507,-1
24956,-1
17132,-1
8156,-1
24341,-1
7448,-1
2952,-1
15013,-1
12642,-1
3113,-1
3375,-1
15220,-1
10324,-1
6551,-1
33699,-1
438,-1
14335,-1
564,-1
10593,-1
6912,-1
39635,-1
32469,-1
30269,-1
38501,-1
39943,-1
24888,-1
13151,-1
14731,-1
25290,-1
35023,-1
31281,-1
12570,-1
34234,-1
2525,-1
21130,-1
35266,-1
35463,-1
4351,-1
27170,-1
9285,-1
3419,-1
9073,-1
24076,-1
5553,-1
29002,-1
22635,-1
37478,-1
27313,-1
38458,-1
16332,-1
9682,1
35300,-1
30456,-1
20730,-1
26316,-1
19165,-1
5795,-1
911,1
3604,1
10575,1
20368,-1
35491,-1
4421,-1
35761,1
5102,-1
34596,-1
29156,-1
29021,-1
29854,-1
23422,-1
5354,-1
26566,-1
24065,-1
251,-1
25325,-1
29303,-1
23556,-1
25930,-1
30964,-1
14221,-1
14971,-1
1045,-1
25535,-1
18673,-1
1704,-1
31141,-1
8091,-1
30479,-1
12792,-1
28697,-1
681,-1
35779,-1
38743,1
38656,-1
4157,-1
3942,-1
23896,-1
14544,-1
32497,-1
20196,-1
10999,-1
38724,-1
354,-1
5211,-1
22730,-1
24646,-1
16596,-1
25240,-1
5388,-1
2561,-1
18841,-1
38658,-1
39670,-1
13205,-1
11243,-1
5325,-1
7497,-1
34543,-1
21707,-1
6496,-1
7932,-1
35429,-1
2229,-1
11904,-1
5853,-1
8305,-1
31146,-1
25604,-1
38149,-1
5762,-1
24721,-1
86,1
17031,-1
21073,-1
8786,-1
11583,-1
11601,-1
29355,-1
34330,-1
12689,-1
11045,-1
31191,-1
29427,-1
6882,-1
37981,1
36033,-1
29665,-1
16889,-1
11355,-1
33542,-1
24308,-1
5638,-1
13581,-1
11499,-1
19578,-1
3922,-1
31661,-1
11807,-1
20949,-1
36832,-1
8929,-1
19415,-1
32474,-1
31130,-1
39687,-1
20904,-1
36724,1
19889,-1
3519,-1
27859,-1
22298,1
304,-1
27511,-1
13549,-1
37386,-1
27487,-1
22702,-1
10359,-1
7594,-1
39212,-1
28331,-1
15189,1
35409,-1
3063,-1
30172,-1
2115,-1
10065,-1
9035,-1
7289,-1
39370,-1
23787,-1
248,-1
30714,-1
5488,-1
22892,-1
14848,-1
10496,-1
13363,-1
21967,1
30514,-1
3836,-1
13738,-1
39672,-1
37089,-1
21026,-1
20160,-1
34901,-1
32047,-1
38509,-1
21369,-1
8760,-1
32004,-1
37175,-1
27903,1
7563,1
12515,-1
29043,-1
18195,-1
36115,-1
12240,-1
22726,-1
29695,-1
11449,-1
800,-1
21333,-1
15621,-1
16221,-1
8223,-1
20882,-1
8363,-1
28668,-1
12908,-1
39797,-1
28818,-1
30915,-1
33823,-1
30713,-1
24748,-1
27735,-1
9736,-1
32361,-1
29824,-1
6911,-1
12044,-1
26076,-1
11342,-1
31681,-1
4615,-1
10484,-1
10045,-1
6065,-1
12286,-1
21245,-1
9598,-1
1864,-1
25971,-1
19135,-1
22839,-1
32863,-1
23917,-1
33329,-1
38302,-1
6293,-1
6870,-1
18871,-1
36366,-1
83,1
979,-1
8394,-1
36722,-1
14524,-1
29170,-1
31959,-1
1599,-1
14914,-1
20474,-1
2295,-1
37036,-1
8293,-1
23746,-1
39416,-1
12496,-1
14653,-1
6631,-1
28473,-1
22023,-1
33166,1
3640,-1
27029,-1
24551,-1
28212,-1
19592,-1
27720,-1
15910,-1
36084,-1
4949,-1
3106,-1
35392,-1
17644,-1
36687,-1
18501,-1
8725,-1
15747,-1
13883,-1
21290,1
38611,-1
11484,-1
3619,-1
35242,-1
11247,-1
13064,-1
21396,-1
39928,-1
38264,-1
1282,-1
20623,-1
28050,-1
9831,-1
7579,-1
29814,-1
18956,-1
30704,-1
10781,1
12168,-1
6197,-1
34096,-1
36626,-1
33506,-1
31504,-1
17943,-1
37143,-1
15041,-1
28845,-1
23690,-1
5401,-1
15020,1
36866,-1
33624,-1
9506,-1
20868,-1
11238,-1
25157,-1
27419,-1
32451,1
22768,-1
35061,-1
2791,-1
37949,-1
16511,-1
19998,1
11014,-1
36970,-1
33670,-1
12640,-1
15108,-1
31589,-1
9448,-1
14773,-1
17305,1
5030,1
609,-1
330,-1
35669,-1
36565,-1
13302,-1
22788,-1
17411,-1
16674,-1
29714,-1
2649,1
18736,-1
25090,-1
25093,-1
7613,-1
35115,-1
26100,-1
27822,-1
25808,-1
2692,-1
316,-1
21338,-1
37520,-1
3581,1
11189,-1
5201,1
14723,-1
7892,-1
30827,-1
8723,-1
34626,-1
34846,-1
16468,-1
29612,1
30751,1
20419,-1
1243,-1
33169,-1
33223,-1
21185,-1
18127,-1
24510,-1
29951,-1
985,-1
39158,-1
5386,-1
17141,-1
1430,-1
22716,-1
26227,-1
21936,-1
28665,-1
6206,-1
36889,-1
7845,-1
33393,-1
709,-1
18238,-1
11609,-1
14940,-1
7743,-1
21221,-1
17202,-1
341,-1
3056,-1
27224,-1
18499,-1
5987,-1
35422,-1
28360,-1
10565,-1
25621,-1
19092,-1
4548,-1
34987,-1
30385,-1
1594,-1
22983,-1
30602,-1
26360,-1
26978,-1
21272,1
33403,1
13800,-1
37429,-1
16416,-1
37603,-1
13475,-1
39207,-1
12133,-1
19712,-1
23193,1
5662,-1
6340,1
7800,-1
14876,1
16912,-1
8161,1
21593,-1
34117,-1
35910,-1
17766,-1
26735,-1
7250,-1
24670,-1
1638,-1
18145,-1
14243,-1
28867,-1
11757,-1
9419,-1
5715,-1
18925,-1
843,-1
20699,-1
38417,-1
26356,-1
28779,-1
33955,-1
20244,-1
4903,-1
34910,-1
16599,-1
7980,-1
36702,-1
1549,-1
9842,-1
35734,-1
14443,-1
24586,-1
1703,-1
24273,-1
2245,-1
25585,-1
19161,-1
3441,-1
9648,-1
36382,-1
39533,-1
27732,-1
20512,-1
2865,-1
4550,-1
11843,-1
10696,-1
6793,-1
35697,-1
3566,-1
1078,-1
33958,-1
39077,-1
37277,-1
39843,-1
33299,-1
21921,1
36537,-1
28504,-1
31284,-1
13972,-1
20628,-1
13244,-1
29925,-1
24664,-1
18470,-1
9165,-1
6612,-1
11181,1
2189,-1
22599,-1
35938,-1
8745,-1
19032,-1
16703,-1
7402,-1
32874,-1
16552,-1
23719,-1
30868,-1
37746,-1
14794,-1
36515,-1
2277,-1
27929,-1
25878,-1
25228,-1
13608,-1
1888,-1
516,-1
19766,-1
8374,-1
23717,-1
4093,-1
2650,-1
28984,-1
35287,-1
38825,-1
33341,-1
21258,-1
15375,-1
14073,1
5292,-1
33385,-1
14592,-1
34156,-1
11347,-1
23266,-1
14686,-1
1418,-1
9056,1
27164,-1
6282,-1
29659,-1
36365,-1
20296,-1
22281,-1
14083,-1
18121,-1
29286,-1
31815,-1
25262,-1
35706,-1
2207,-1
2554,1
12969,-1
39951,-1
11900,-1
35391,-1
12662,1
6847,-1
7324,-1
24506,-1
18368,-1
33932,-1
24585,-1
10465,-1
20136,-1
13098,-1
34308,-1
27685,-1
8840,-1
36769,1
12790,-1
39698,-1
6915,1
19306,-1
27437,-1
29807,-1
4580,-1
14360,1
2342,-1
37509,-1
6802,-1
36912,-1
8932,-1
17135,-1
14151,-1
6483,-1
27634,-1
7162,-1
13094,-1
23815,-1
11834,-1
15024,-1
11594,-1
39330,-1
2949,-1
19057,-1
29470,-1
23157,1
3693,-1
12865,-1
33764,-1
15238,-1
37009,-1
22741,-1
21418,-1
6399,-1
23353,-1
2672,-1
29440,-1
5751,-1
37448,-1
6149,-1
24177,-1
11069,-1
29607,-1
39608,-1
312,-1
21995,-1
16135,-1
13208,-1
31640,-1
3780,-1
12481,-1
26341,1
24225,-1
17433,-1
14815,-1
35241,-1
5959,-1
25148,-1
15943,-1
33940,-1
20708,-1
30577,-1
32989,-1
33558,-1
31071,-1
29042,-1
27138,-1
37994,-1
18267,-1
34830,1
35700,-1
15933,-1
20275,-1
15016,-1
4955,-1
37214,-1
9273,1
36652,1
831,-1
1850,-1
26868,-1
17511,-1
25684,1
25764,-1
116,-1
3986,-1
8241,-1
9976,-1
38104,-1
399,-1
37436,-1
36678,-1
6526,-1
24957,-1
16487,-1
14061,-1
32466,-1
27101,-1
30208,1
24497,-1
8500,1
35127,-1
2858,-1
28048,1
30601,-1
4657,-1
8596,1
14283,-1
34327,-1
28075,1
27329,-1
6204,-1
18192,-1
2374,-1
34111,-1
19536,-1
13332,-1
18523,1
14835,-1
8445,-1
